datetime,actual,predicted
2025-04-01 00:00:00,1363.6,1284.3044
2025-04-01 00:01:00,1322.0,1265.089
2025-04-01 00:02:00,1322.0,1223.9922
2025-04-01 00:03:00,1467.5,1335.7035
2025-04-01 00:04:00,1467.5,1339.098
2025-04-01 00:05:00,1412.3,1109.7207
2025-04-01 00:06:00,1412.3,1263.0774
2025-04-01 00:07:00,1428.05,1318.2706
2025-04-01 00:08:00,1428.05,1558.2485
2025-04-01 00:09:00,1428.05,1772.2441
2025-04-01 00:10:00,1422.3,1393.0714
2025-04-01 00:11:00,1422.3,1412.4296
2025-04-01 00:12:00,1475.5,1339.7932
2025-04-01 00:13:00,1475.5,1443.0983
2025-04-01 00:14:00,1324.9,1383.4481
2025-04-01 00:15:00,1329.8,1300.259
2025-04-01 00:16:00,1329.8,1362.9333
2025-04-01 00:17:00,1329.8,1338.3182
2025-04-01 00:18:00,1329.8,1211.8982
2025-04-01 00:19:00,1351.1999999999998,1298.7834
2025-04-01 00:20:00,1333.3,1385.2534
2025-04-01 00:21:00,1333.3,1284.0513
2025-04-01 00:22:00,1333.3,1273.0616
2025-04-01 00:23:00,1333.3,1353.4358
2025-04-01 00:24:00,1389.6,1341.1422
2025-04-01 00:25:00,1344.2,1375.1783
2025-04-01 00:26:00,1344.2,1268.454
2025-04-01 00:27:00,1344.2,1274.9357
2025-04-01 00:28:00,1355.7,1185.039
2025-04-01 00:29:00,1355.7,1371.4467
2025-04-01 00:30:00,1340.6,1286.0349
2025-04-01 00:31:00,1363.5,1330.3123
2025-04-01 00:32:00,1363.5,1415.2428
2025-04-01 00:33:00,1363.5,1458.259
2025-04-01 00:34:00,1363.5,1420.8739
2025-04-01 00:35:00,1334.3,1235.9435
2025-04-01 00:36:00,1334.3,1337.6212
2025-04-01 00:37:00,1356.5,1412.4766
2025-04-01 00:38:00,1356.5,1403.0223
2025-04-01 00:39:00,1356.5,1453.3241
2025-04-01 00:40:00,1332.4,1275.076
2025-04-01 00:41:00,1332.4,1285.8881
2025-04-01 00:42:00,1332.4,1332.2961
2025-04-01 00:43:00,1320.5,1485.3564
2025-04-01 00:44:00,2696.8,1293.9832
2025-04-01 00:45:00,1410.8,2066.0967
2025-04-01 00:46:00,1410.8,1538.7251
2025-04-01 00:47:00,1410.8,1277.4802
2025-04-01 00:48:00,1422.25,1230.5582
2025-04-01 00:49:00,1422.25,1442.6709
2025-04-01 00:50:00,1405.0,1389.695
2025-04-01 00:51:00,1405.0,1312.2861
2025-04-01 00:52:00,1405.0,1309.2035
2025-04-01 00:53:00,1387.0,1364.428
2025-04-01 00:54:00,1459.0,1459.6483
2025-04-01 00:55:00,1418.1,1428.9673
2025-04-01 00:56:00,1418.1,1539.5667
2025-04-01 00:57:00,1418.1,1427.0739
2025-04-01 00:58:00,1319.3,1357.1611
2025-04-01 00:59:00,1319.3,1422.5809
2025-04-01 01:00:00,1373.0,1362.5941
2025-04-01 01:01:00,1373.0,1374.6884
2025-04-01 01:02:00,1373.0,1401.0763
2025-04-01 01:03:00,1373.0,1331.2216
2025-04-01 01:04:00,1315.4,1286.7249
2025-04-01 01:05:00,1335.85,1430.8461
2025-04-01 01:06:00,1335.85,1510.9368
2025-04-01 01:07:00,1335.85,1425.2223
2025-04-01 01:08:00,1335.85,1340.043
2025-04-01 01:09:00,1389.1,1279.6877
2025-04-01 01:10:00,1344.0,1192.9794
2025-04-01 01:11:00,1344.0,1197.7936
2025-04-01 01:12:00,1318.5,1173.9279
2025-04-01 01:13:00,1318.5,1175.3522
2025-04-01 01:14:00,1432.9,1317.6486
2025-04-01 01:15:00,1364.15,1310.8026
2025-04-01 01:16:00,1319.1,1349.8983
2025-04-01 01:17:00,1319.1,1410.3623
2025-04-01 01:18:00,1319.1,1358.3262
2025-04-01 01:19:00,1319.1,1444.8807
2025-04-01 01:20:00,1327.7,1336.5378
2025-04-01 01:21:00,1327.7,1204.7389
2025-04-01 01:22:00,1327.7,1281.5231
2025-04-01 01:23:00,1381.5,1282.3627
2025-04-01 01:24:00,1318.6,1243.8077
2025-04-01 01:25:00,1785.0,1182.6654
2025-04-01 01:26:00,1785.0,1669.5155
2025-04-01 01:27:00,1785.0,1751.3246
2025-04-01 01:28:00,1785.0,1731.6514
2025-04-01 01:29:00,1785.0,1759.5465
2025-04-01 01:30:00,1447.65,1640.5934
2025-04-01 01:31:00,1447.65,1555.7694
2025-04-01 01:32:00,1447.65,1558.8069
2025-04-01 01:33:00,1447.65,1629.7595
2025-04-01 01:34:00,1384.0,1618.6023
2025-04-01 01:35:00,1414.6,1425.4578
2025-04-01 01:36:00,1414.6,1399.2968
2025-04-01 01:37:00,1414.6,1475.3917
2025-04-01 01:38:00,1312.1,1441.4327
2025-04-01 01:39:00,1312.1,1400.0381
2025-04-01 01:40:00,1370.2,1298.2593
2025-04-01 01:41:00,1370.2,1454.8231
2025-04-01 01:42:00,1370.2,1426.2548
2025-04-01 01:43:00,1370.2,1479.773
2025-04-01 01:44:00,1311.5,1463.2144
2025-04-01 01:45:00,1353.0,1285.7979
2025-04-01 01:46:00,1310.5,1256.0784
2025-04-01 01:47:00,1310.5,1209.219
2025-04-01 01:48:00,1387.0,1245.1194
2025-04-01 01:49:00,1387.0,1439.8296
2025-04-01 01:50:00,1344.0333333333333,1355.2854
2025-04-01 01:51:00,1344.0333333333333,1377.6731
2025-04-01 01:52:00,1344.0333333333333,1394.5845
2025-04-01 01:53:00,1344.0333333333333,1360.0001
2025-04-01 01:54:00,1344.0333333333333,1356.5338
2025-04-01 01:55:00,1331.5,1407.6882
2025-04-01 01:56:00,1379.9,1387.4413
2025-04-01 01:57:00,1379.9,1432.2341
2025-04-01 01:58:00,1379.9,1397.2485
2025-04-01 01:59:00,1379.9,1429.9573
2025-04-01 02:00:00,1343.3,1391.2717
2025-04-01 02:01:00,1323.5,1477.635
2025-04-01 02:02:00,1323.5,1406.514
2025-04-01 02:03:00,1396.0,1441.7607
2025-04-01 02:04:00,1396.0,1399.3223
2025-04-01 02:05:00,1330.6,1310.1753
2025-04-01 02:06:00,1328.0,1307.1344
2025-04-01 02:07:00,3026.5,1373.5464
2025-04-01 02:08:00,3026.5,2518.2947
2025-04-01 02:09:00,3026.5,2675.9707
2025-04-01 02:10:00,1404.1,2444.8987
2025-04-01 02:11:00,1404.1,1480.266
2025-04-01 02:12:00,1391.5,1392.6117
2025-04-01 02:13:00,1452.4,1318.9454
2025-04-01 02:14:00,1452.4,1412.9869
2025-04-01 02:15:00,1416.7,1305.7145
2025-04-01 02:16:00,1416.7,1214.8344
2025-04-01 02:17:00,1451.4,1272.1504
2025-04-01 02:18:00,1451.4,1364.0083
2025-04-01 02:19:00,1324.0,1413.7391
2025-04-01 02:20:00,1362.75,1300.8641
2025-04-01 02:21:00,1322.9,1212.1266
2025-04-01 02:22:00,1322.9,1346.4678
2025-04-01 02:23:00,1322.9,1307.2152
2025-04-01 02:24:00,1322.9,1355.9121
2025-04-01 02:25:00,1333.7,1432.7532
2025-04-01 02:26:00,1378.8,1361.0592
2025-04-01 02:27:00,1378.8,1429.5698
2025-04-01 02:28:00,1378.8,1402.513
2025-04-01 02:29:00,1378.8,1429.6282
2025-04-01 02:30:00,1343.45,1481.1174
2025-04-01 02:31:00,1343.45,1371.7914
2025-04-01 02:32:00,1343.45,1346.7437
2025-04-01 02:33:00,1472.8,1410.5552
2025-04-01 02:34:00,1472.8,1360.9286
2025-04-01 02:35:00,1335.7,1470.3647
2025-04-01 02:36:00,1335.7,1510.407
2025-04-01 02:37:00,1347.8,1426.0282
2025-04-01 02:38:00,1347.8,1346.5917
2025-04-01 02:39:00,1347.8,1380.3124
2025-04-01 02:40:00,1329.75,1220.0487
2025-04-01 02:41:00,1329.75,1328.5002
2025-04-01 02:42:00,1329.75,1350.6549
2025-04-01 02:43:00,1422.3,1223.7577
2025-04-01 02:44:00,1422.3,1321.2555
2025-04-01 02:45:00,1336.7,1291.706
2025-04-01 02:46:00,1336.7,1180.3286
2025-04-01 02:47:00,1323.9,1241.7954
2025-04-01 02:48:00,1689.5,1257.6649
2025-04-01 02:49:00,1689.5,1535.4047
2025-04-01 02:50:00,1429.4,1587.3716
2025-04-01 02:51:00,1429.4,1349.5022
2025-04-01 02:52:00,1429.4,1536.0536
2025-04-01 02:53:00,1470.0,1761.0703
2025-04-01 02:54:00,1391.4,1659.9092
2025-04-01 02:55:00,1427.6999999999998,1494.0199
2025-04-01 02:56:00,1427.6999999999998,1421.4156
2025-04-01 02:57:00,1427.6999999999998,1525.1592
2025-04-01 02:58:00,1427.6999999999998,1452.3329
2025-04-01 02:59:00,1321.9,1479.5381
2025-04-01 03:00:00,1333.9,1411.1605
2025-04-01 03:01:00,1408.0,1398.4678
2025-04-01 03:02:00,1326.1,1425.7689
2025-04-01 03:03:00,1326.1,1497.9293
2025-04-01 03:04:00,1326.1,1527.8875
2025-04-01 03:05:00,1330.6999999999998,1529.7101
2025-04-01 03:06:00,1330.6999999999998,1578.0652
2025-04-01 03:07:00,1330.6999999999998,1554.8798
2025-04-01 03:08:00,1330.6999999999998,1601.0311
2025-04-01 03:09:00,1390.1,1499.6663
2025-04-01 03:10:00,1364.5,1447.5052
2025-04-01 03:11:00,1364.5,1469.5759
2025-04-01 03:12:00,1364.5,1460.7799
2025-04-01 03:13:00,1364.5,1501.4363
2025-04-01 03:14:00,1306.9,1510.6884
2025-04-01 03:15:00,1375.4,1372.1901
2025-04-01 03:16:00,1375.4,1499.0789
2025-04-01 03:17:00,1324.8,1611.6385
2025-04-01 03:18:00,1392.3,1577.9143
2025-04-01 03:19:00,1392.3,1356.7808
2025-04-01 03:20:00,1342.6999999999998,1308.4305
2025-04-01 03:21:00,1342.6999999999998,1463.7539
2025-04-01 03:22:00,1342.6999999999998,1480.5709
2025-04-01 03:23:00,1398.9,1310.6652
2025-04-01 03:24:00,1398.9,1313.9282
2025-04-01 03:25:00,1348.4,1250.6936
2025-04-01 03:26:00,1348.4,1418.8607
2025-04-01 03:27:00,1324.0,1348.5918
2025-04-01 03:28:00,1324.0,1266.8
2025-04-01 03:29:00,1399.5,1280.7996
2025-04-01 03:30:00,1623.4333333333334,1301.1367
2025-04-01 03:31:00,1623.4333333333334,1419.4932
2025-04-01 03:32:00,1623.4333333333334,1487.8102
2025-04-01 03:33:00,1623.4333333333334,1490.694
2025-04-01 03:34:00,1623.4333333333334,1736.9313
2025-04-01 03:35:00,1402.5,1672.7692
2025-04-01 03:36:00,1402.5,1573.5874
2025-04-01 03:37:00,1395.6,1440.2352
2025-04-01 03:38:00,1395.6,1553.4165
2025-04-01 03:39:00,1465.0,1491.4596
2025-04-01 03:40:00,1456.35,1371.3767
2025-04-01 03:41:00,1456.35,1413.6213
2025-04-01 03:42:00,1325.3,1516.906
2025-04-01 03:43:00,1325.3,1458.7646
2025-04-01 03:44:00,1325.3,1589.5565
2025-04-01 03:45:00,1327.8,1426.8413
2025-04-01 03:46:00,1327.8,1599.7924
2025-04-01 03:47:00,1327.8,1451.6522
2025-04-01 03:48:00,1405.6,1553.0399
2025-04-01 03:49:00,1305.0,1693.2808
2025-04-01 03:50:00,1401.9,1487.3989
2025-04-01 03:51:00,1401.9,1558.3163
2025-04-01 03:52:00,1401.9,1676.8849
2025-04-01 03:53:00,1401.9,1429.8711
2025-04-01 03:54:00,1315.8,1600.2195
2025-04-01 03:55:00,1335.55,1354.8835
2025-04-01 03:56:00,1335.55,1520.1561
2025-04-01 03:57:00,1335.55,1524.9467
2025-04-01 03:58:00,1418.3,1568.0227
2025-04-01 03:59:00,1418.3,1646.4622
2025-04-01 04:00:00,1363.7,1508.1816
2025-04-01 04:01:00,1363.7,1360.0295
2025-04-01 04:02:00,1420.0,1501.5823
2025-04-01 04:03:00,1420.0,1517.3734
2025-04-01 04:04:00,1326.8,1591.1753
2025-04-01 04:05:00,1344.3,1440.1426
2025-04-01 04:06:00,1322.4,1407.9008
2025-04-01 04:07:00,1322.4,1348.9679
2025-04-01 04:08:00,1406.3,1356.2823
2025-04-01 04:09:00,1406.3,1371.1917
2025-04-01 04:10:00,1337.35,1310.3507
2025-04-01 04:11:00,1337.35,1356.4034
2025-04-01 04:12:00,1337.35,1366.7837
2025-04-01 04:13:00,1337.35,1304.7788
2025-04-01 04:14:00,1479.4,1447.3345
2025-04-01 04:15:00,1406.7,1484.1329
2025-04-01 04:16:00,1406.7,1530.2096
2025-04-01 04:17:00,1406.7,1582.8003
2025-04-01 04:18:00,1472.5,1553.8512
2025-04-01 04:19:00,1396.5,1551.2021
2025-04-01 04:20:00,1416.5,1469.1603
2025-04-01 04:21:00,1416.5,1315.5331
2025-04-01 04:22:00,1416.5,1308.163
2025-04-01 04:23:00,1489.9,1391.4122
2025-04-01 04:24:00,1329.4,1503.3499
2025-04-01 04:25:00,1381.1,1312.6124
2025-04-01 04:26:00,1381.1,1361.5941
2025-04-01 04:27:00,1381.1,1402.3286
2025-04-01 04:28:00,1391.5,1526.5573
2025-04-01 04:29:00,1321.5,1489.616
2025-04-01 04:30:00,1364.4,1371.6681
2025-04-01 04:31:00,1364.4,1383.403
2025-04-01 04:32:00,1324.0,1428.6178
2025-04-01 04:33:00,1390.9,1515.3639
2025-04-01 04:34:00,1390.9,1601.6841
2025-04-01 04:35:00,1337.7,1536.4147
2025-04-01 04:36:00,1411.9,1512.3961
2025-04-01 04:37:00,1411.9,1463.4897
2025-04-01 04:38:00,1411.9,1417.522
2025-04-01 04:39:00,1319.6,1356.4374
2025-04-01 04:40:00,1372.9,1335.4865
2025-04-01 04:41:00,1322.4,1351.4113
2025-04-01 04:42:00,1432.4,1453.7435
2025-04-01 04:43:00,1432.4,1564.0806
2025-04-01 04:44:00,1432.4,1519.6029
2025-04-01 04:45:00,1337.0,1543.1122
2025-04-01 04:46:00,1337.0,1407.0149
2025-04-01 04:47:00,1321.6,1401.753
2025-04-01 04:48:00,1321.6,1379.4872
2025-04-01 04:49:00,1424.4,1411.9353
2025-04-01 04:50:00,1330.9,1373.8363
2025-04-01 04:51:00,1330.9,1290.7078
2025-04-01 04:52:00,1330.9,1372.9185
2025-04-01 04:53:00,1406.5,1406.3257
2025-04-01 04:54:00,1406.5,1426.6239
2025-04-01 04:55:00,1329.2,1409.2222
2025-04-01 04:56:00,1329.2,1361.3396
2025-04-01 04:57:00,1472.0,1429.6294
2025-04-01 04:58:00,1472.0,1497.4232
2025-04-01 04:59:00,1472.0,1575.0663
2025-04-01 05:00:00,1429.4499999999998,1543.9287
2025-04-01 05:01:00,1429.4499999999998,1497.4191
2025-04-01 05:02:00,1395.0,1474.2628
2025-04-01 05:03:00,1395.0,1471.706
2025-04-01 05:04:00,1395.0,1458.6063
2025-04-01 05:05:00,1428.05,1422.8499
2025-04-01 05:06:00,1428.05,1388.883
2025-04-01 05:07:00,1428.05,1497.4462
2025-04-01 05:08:00,1428.05,1497.4855
2025-04-01 05:09:00,1327.5,1681.673
2025-04-01 05:10:00,1344.6,1493.996
2025-04-01 05:11:00,1412.3,1468.5143
2025-04-01 05:12:00,1412.3,1489.4476
2025-04-01 05:13:00,1323.6,1629.3933
2025-04-01 05:14:00,1323.6,1610.2346
2025-04-01 05:15:00,1369.85,1599.0729
2025-04-01 05:16:00,1369.85,1507.3694
2025-04-01 05:17:00,1322.3,1570.7338
2025-04-01 05:18:00,1322.3,1432.2083
2025-04-01 05:19:00,1322.3,1355.314
2025-04-01 05:20:00,1329.85,1403.6578
2025-04-01 05:21:00,1329.85,1492.7775
2025-04-01 05:22:00,1329.85,1564.157
2025-04-01 05:23:00,1402.5,1431.3373
2025-04-01 05:24:00,1402.5,1574.4269
2025-04-01 05:25:00,1328.1,1547.434
2025-04-01 05:26:00,1328.1,1447.8501
2025-04-01 05:27:00,1394.0,1471.5284
2025-04-01 05:28:00,1394.0,1467.6555
2025-04-01 05:29:00,1394.0,1478.2329
2025-04-01 05:30:00,1368.5,1507.5348
2025-04-01 05:31:00,1368.5,1443.3036
2025-04-01 05:32:00,1319.6,1457.2336
2025-04-01 05:33:00,1319.6,1364.5674
2025-04-01 05:34:00,1319.6,1306.0077
2025-04-01 05:35:00,1337.8,1447.1189
2025-04-01 05:36:00,1337.8,1465.4955
2025-04-01 05:37:00,1326.3,1417.2903
2025-04-01 05:38:00,2922.8,1374.6003
2025-04-01 05:39:00,2922.8,2235.8308
2025-04-01 05:40:00,1413.3,2261.0
2025-04-01 05:41:00,1504.1,1400.0126
2025-04-01 05:42:00,1504.1,1374.6008
2025-04-01 05:43:00,1504.1,1411.5527
2025-04-01 05:44:00,1391.0,1616.2632
2025-04-01 05:45:00,1393.7,1417.9972
2025-04-01 05:46:00,1393.7,1453.4954
2025-04-01 05:47:00,1393.7,1354.832
2025-04-01 05:48:00,1478.5,1449.6938
2025-04-01 05:49:00,1324.9,1525.1132
2025-04-01 05:50:00,1334.1,1570.6224
2025-04-01 05:51:00,1334.1,1468.849
2025-04-01 05:52:00,1334.1,1525.4745
2025-04-01 05:53:00,1334.1,1647.6017
2025-04-01 05:54:00,1358.75,1658.1232
2025-04-01 05:55:00,1327.3,1475.6385
2025-04-01 05:56:00,1327.3,1487.0558
2025-04-01 05:57:00,1327.3,1522.5029
2025-04-01 05:58:00,1398.5,1600.4364
2025-04-01 05:59:00,1314.4,1527.6216
2025-04-01 06:00:00,1360.7,1597.3119
2025-04-01 06:01:00,1315.9,1656.5975
2025-04-01 06:02:00,1315.9,1627.6803
2025-04-01 06:03:00,1315.9,1448.0547
2025-04-01 06:04:00,1315.9,1611.8204
2025-04-01 06:05:00,1337.0,1466.1954
2025-04-01 06:06:00,1313.3,1476.7516
2025-04-01 06:07:00,1313.3,1468.7994
2025-04-01 06:08:00,1313.3,1405.0594
2025-04-01 06:09:00,1377.5,1481.5709
2025-04-01 06:10:00,1334.0,1499.2693
2025-04-01 06:11:00,1334.0,1411.2174
2025-04-01 06:12:00,1334.0,1448.4048
2025-04-01 06:13:00,1411.3,1340.0883
2025-04-01 06:14:00,1317.4,1344.6653
2025-04-01 06:15:00,1342.0,1209.9414
2025-04-01 06:16:00,1342.0,1280.4017
2025-04-01 06:17:00,1342.0,1160.9493
2025-04-01 06:18:00,1342.0,1245.6919
2025-04-01 06:19:00,1342.0,1371.694
2025-04-01 06:20:00,1323.9,1455.8251
2025-04-01 06:21:00,1313.8,1418.905
2025-04-01 06:22:00,1313.8,1514.5282
2025-04-01 06:23:00,1313.8,1564.3177
2025-04-01 06:24:00,1451.0,1630.8546
2025-04-01 06:25:00,1417.1999999999998,1432.2941
2025-04-01 06:26:00,1417.1999999999998,1516.5096
2025-04-01 06:27:00,1417.1999999999998,1505.8983
2025-04-01 06:28:00,1357.5,1539.2789
2025-04-01 06:29:00,1357.5,1415.5618
2025-04-01 06:30:00,1397.3,1276.1674
2025-04-01 06:31:00,1397.3,1375.3464
2025-04-01 06:32:00,1415.5,1415.4741
2025-04-01 06:33:00,1415.5,1381.0585
2025-04-01 06:34:00,1288.5,1397.4688
2025-04-01 06:35:00,1296.9,1405.1515
2025-04-01 06:36:00,1296.9,1443.1274
2025-04-01 06:37:00,1288.0,1503.9774
2025-04-01 06:38:00,1288.0,1608.4695
2025-04-01 06:39:00,1349.0,1716.4872
2025-04-01 06:40:00,1297.1,1583.5333
2025-04-01 06:41:00,1361.8,1485.6869
2025-04-01 06:42:00,1361.8,1712.0135
2025-04-01 06:43:00,1361.8,1610.2267
2025-04-01 06:44:00,1285.6,1559.4191
2025-04-01 06:45:00,1291.2,1417.194
2025-04-01 06:46:00,1291.2,1474.6793
2025-04-01 06:47:00,1339.0,1478.9429
2025-04-01 06:48:00,1284.9,1644.9364
2025-04-01 06:49:00,1284.9,1559.2188
2025-04-01 06:50:00,1288.4,1453.8168
2025-04-01 06:51:00,1367.5,1421.0796
2025-04-01 06:52:00,1367.5,1458.5818
2025-04-01 06:53:00,1367.5,1409.6272
2025-04-01 06:54:00,1367.5,1365.036
2025-04-01 06:55:00,1298.7,1330.7709
2025-04-01 06:56:00,1298.7,1321.7567
2025-04-01 06:57:00,1286.0,1312.8262
2025-04-01 06:58:00,1286.0,1280.9354
2025-04-01 06:59:00,1556.0,1351.5579
2025-04-01 07:00:00,1506.2,1405.2505
2025-04-01 07:01:00,1506.2,1557.254
2025-04-01 07:02:00,1506.2,1615.7333
2025-04-01 07:03:00,1522.95,1589.5071
2025-04-01 07:04:00,1522.95,1594.1633
2025-04-01 07:05:00,1991.3666666666668,1537.0919
2025-04-01 07:06:00,1991.3666666666668,1976.235
2025-04-01 07:07:00,1991.3666666666668,2061.6816
2025-04-01 07:08:00,1991.3666666666668,2093.3933
2025-04-01 07:09:00,1991.3666666666668,2023.6215
2025-04-01 07:10:00,1567.05,1793.8584
2025-04-01 07:11:00,1567.05,1752.4187
2025-04-01 07:12:00,1633.0,1707.6239
2025-04-01 07:13:00,1633.0,1685.8457
2025-04-01 07:14:00,1633.0,1866.3597
2025-04-01 07:15:00,1597.3,1731.1112
2025-04-01 07:16:00,1597.3,1640.762
2025-04-01 07:17:00,1597.3,1639.4529
2025-04-01 07:18:00,1291.5,1550.1613
2025-04-01 07:19:00,1291.5,1500.5895
2025-04-01 07:20:00,1296.8,1555.9199
2025-04-01 07:21:00,1296.8,1475.7855
2025-04-01 07:22:00,1296.8,1506.1941
2025-04-01 07:23:00,1320.5,1570.8041
2025-04-01 07:24:00,1320.5,1580.7201
2025-04-01 07:25:00,1318.5,1504.8358
2025-04-01 07:26:00,1289.4,1427.3842
2025-04-01 07:27:00,1372.8,1567.2527
2025-04-01 07:28:00,1372.8,1596.4216
2025-04-01 07:29:00,1372.8,1537.8529
2025-04-01 07:30:00,1306.8,1353.4155
2025-04-01 07:31:00,1306.8,1561.3892
2025-04-01 07:32:00,1306.8,1596.6046
2025-04-01 07:33:00,1306.8,1533.963
2025-04-01 07:34:00,1318.75,1517.3273
2025-04-01 07:35:00,1310.3,1391.9266
2025-04-01 07:36:00,1310.3,1489.3536
2025-04-01 07:37:00,1310.3,1539.9395
2025-04-01 07:38:00,1368.0,1342.207
2025-04-01 07:39:00,729.5,1516.0614
2025-04-01 07:40:00,793.1500000000001,1232.1862
2025-04-01 07:41:00,793.1500000000001,1138.0957
2025-04-01 07:42:00,793.1500000000001,1137.5605
2025-04-01 07:43:00,793.1500000000001,1245.7592
2025-04-01 07:44:00,725.9,1086.3182
2025-04-01 07:45:00,755.2,989.9023
2025-04-01 07:46:00,755.2,983.769
2025-04-01 07:47:00,755.2,844.6816
2025-04-01 07:48:00,1387.05,920.5716
2025-04-01 07:49:00,1387.05,1255.1532
2025-04-01 07:50:00,799.4000000000001,1332.0272
2025-04-01 07:51:00,864.2,1104.5063
2025-04-01 07:52:00,864.2,1140.815
2025-04-01 07:53:00,864.2,1086.64
2025-04-01 07:54:00,864.2,977.12787
2025-04-01 07:55:00,840.3499999999999,928.4278
2025-04-01 07:56:00,840.3499999999999,992.5673
2025-04-01 07:57:00,797.0,1018.7149
2025-04-01 07:58:00,797.0,1192.6956
2025-04-01 07:59:00,797.0,1139.9861
2025-04-01 08:00:00,815.3,989.4255
2025-04-01 08:01:00,815.3,928.3758
2025-04-01 08:02:00,815.3,1004.2242
2025-04-01 08:03:00,727.2,1067.4868
2025-04-01 08:04:00,727.2,974.8239
2025-04-01 08:05:00,740.7,1004.21014
2025-04-01 08:06:00,740.7,1008.795
2025-04-01 08:07:00,740.7,953.55597
2025-04-01 08:08:00,799.5,1116.7635
2025-04-01 08:09:00,730.5,1249.9882
2025-04-01 08:10:00,730.7,1064.6243
2025-04-01 08:11:00,730.7,990.67426
2025-04-01 08:12:00,718.0,1057.5032
2025-04-01 08:13:00,718.0,1005.95624
2025-04-01 08:14:00,1367.5,981.3272
2025-04-01 08:15:00,1354.3,1317.4098
2025-04-01 08:16:00,1354.3,1492.476
2025-04-01 08:17:00,1354.3,1471.4498
2025-04-01 08:18:00,1354.3,1443.8212
2025-04-01 08:19:00,1354.3,1287.6157
2025-04-01 08:20:00,1377.0,1190.0878
2025-04-01 08:21:00,1325.1,1302.1132
2025-04-01 08:22:00,1325.1,1443.7744
2025-04-01 08:23:00,1325.1,1373.1525
2025-04-01 08:24:00,1325.1,1467.9965
2025-04-01 08:25:00,1348.9,1179.3127
2025-04-01 08:26:00,1361.1,1193.875
2025-04-01 08:27:00,1361.1,1208.9233
2025-04-01 08:28:00,1361.1,1281.4548
2025-04-01 08:29:00,1361.1,1253.8881
2025-04-01 08:30:00,1885.0666666666664,1441.1208
2025-04-01 08:31:00,1885.0666666666664,1908.4135
2025-04-01 08:32:00,1885.0666666666664,1936.9586
2025-04-01 08:33:00,1885.0666666666664,1942.7247
2025-04-01 08:34:00,1885.0666666666664,1828.8987
2025-04-01 08:35:00,1425.8,1751.2517
2025-04-01 08:36:00,1425.8,1561.4562
2025-04-01 08:37:00,1425.8,1595.3234
2025-04-01 08:38:00,1425.8,1598.832
2025-04-01 08:39:00,1387.4,1586.8812
2025-04-01 08:40:00,1409.6,1586.4016
2025-04-01 08:41:00,1469.8,1538.8444
2025-04-01 08:42:00,1326.0,1616.8702
2025-04-01 08:43:00,1326.0,1478.0757
2025-04-01 08:44:00,1326.0,1447.957
2025-04-01 08:45:00,1353.5,1336.3915
2025-04-01 08:46:00,1422.5,1330.1619
2025-04-01 08:47:00,1422.5,1479.3943
2025-04-01 08:48:00,1422.5,1495.7255
2025-04-01 08:49:00,1311.0,1543.4152
2025-04-01 08:50:00,1330.2,1470.3103
2025-04-01 08:51:00,1330.2,1406.8809
2025-04-01 08:52:00,1304.5,1492.429
2025-04-01 08:53:00,1304.5,1500.3436
2025-04-01 08:54:00,1384.5,1516.3982
2025-04-01 08:55:00,1312.75,1572.9324
2025-04-01 08:56:00,1312.75,1549.8489
2025-04-01 08:57:00,1312.75,1388.2014
2025-04-01 08:58:00,1312.75,1302.1128
2025-04-01 08:59:00,1420.6,1314.7366
2025-04-01 09:00:00,1366.25,1438.6327
2025-04-01 09:01:00,1303.5,1516.3752
2025-04-01 09:02:00,1303.5,1531.0139
2025-04-01 09:03:00,1303.5,1341.4856
2025-04-01 09:04:00,1303.5,1438.1129
2025-04-01 09:05:00,1330.9,1331.678
2025-04-01 09:06:00,1330.9,1420.7759
2025-04-01 09:07:00,1330.9,1480.8071
2025-04-01 09:08:00,1330.9,1419.0803
2025-04-01 09:09:00,1503.1,1463.745
2025-04-01 09:10:00,1396.6,1592.137
2025-04-01 09:11:00,1396.6,1514.1543
2025-04-01 09:12:00,1396.6,1506.6885
2025-04-01 09:13:00,1396.6,1437.3522
2025-04-01 09:14:00,1726.4,1557.1179
2025-04-01 09:15:00,1707.4,1760.3223
2025-04-01 09:16:00,1619.5,1825.3826
2025-04-01 09:17:00,1619.5,1788.7119
2025-04-01 09:18:00,1860.0,1875.6783
2025-04-01 09:19:00,1860.0,2123.051
2025-04-01 09:20:00,1768.6,2046.7957
2025-04-01 09:21:00,1768.6,2020.9447
2025-04-01 09:22:00,1869.4,1963.8462
2025-04-01 09:23:00,1869.4,1994.4917
2025-04-01 09:24:00,1651.1,1977.258
2025-04-01 09:25:00,1691.2,1656.0194
2025-04-01 09:26:00,2010.4,1779.3483
2025-04-01 09:27:00,2010.4,1906.3424
2025-04-01 09:28:00,2010.4,2027.641
2025-04-01 09:29:00,2010.4,2005.3931
2025-04-01 09:30:00,1871.9,1873.9674
2025-04-01 09:31:00,1871.9,1929.9811
2025-04-01 09:32:00,1782.1,1992.0566
2025-04-01 09:33:00,1954.5,1982.3123
2025-04-01 09:34:00,1954.5,2086.158
2025-04-01 09:35:00,1904.1,2079.6162
2025-04-01 09:36:00,1904.1,2064.6365
2025-04-01 09:37:00,1904.1,1937.0695
2025-04-01 09:38:00,2022.5,1952.5377
2025-04-01 09:39:00,1808.5,1966.1613
2025-04-01 09:40:00,1912.5,1804.5029
2025-04-01 09:41:00,2095.1,1802.1136
2025-04-01 09:42:00,2095.1,1880.625
2025-04-01 09:43:00,1861.5,2017.9872
2025-04-01 09:44:00,1861.5,1814.6437
2025-04-01 09:45:00,1932.6,1909.1422
2025-04-01 09:46:00,1932.6,2087.3506
2025-04-01 09:47:00,1932.6,2021.0789
2025-04-01 09:48:00,1932.6,1972.2501
2025-04-01 09:49:00,1960.45,2101.4216
2025-04-01 09:50:00,1918.9,2096.0479
2025-04-01 09:51:00,1918.9,2240.6243
2025-04-01 09:52:00,2111.1,2221.5593
2025-04-01 09:53:00,2111.1,2226.346
2025-04-01 09:54:00,2111.1,2120.6267
2025-04-01 09:55:00,1959.7,2109.2302
2025-04-01 09:56:00,1926.5,2043.9381
2025-04-01 09:57:00,1926.5,2100.678
2025-04-01 09:58:00,2149.1,2270.9749
2025-04-01 09:59:00,2149.1,2402.8647
2025-04-01 10:00:00,2019.7,2321.851
2025-04-01 10:01:00,2019.7,2370.0112
2025-04-01 10:02:00,2158.1,2387.252
2025-04-01 10:03:00,2158.1,2515.5803
2025-04-01 10:04:00,1961.9,2580.929
2025-04-01 10:05:00,1989.4,2392.5886
2025-04-01 10:06:00,1989.4,2227.1653
2025-04-01 10:07:00,2063.1,2264.3354
2025-04-01 10:08:00,2063.1,2278.7402
2025-04-01 10:09:00,1843.1,2367.6562
2025-04-01 10:10:00,1904.6,2061.7449
2025-04-01 10:11:00,1904.6,2051.4028
2025-04-01 10:12:00,1904.6,2169.8367
2025-04-01 10:13:00,1904.6,2194.2188
2025-04-01 10:14:00,2037.0,2153.3142
2025-04-01 10:15:00,2038.95,2173.0652
2025-04-01 10:16:00,2038.95,2185.282
2025-04-01 10:17:00,2038.95,2274.168
2025-04-01 10:18:00,2038.95,2141.3171
2025-04-01 10:19:00,1865.0,2089.635
2025-04-01 10:20:00,1927.4,2014.0648
2025-04-01 10:21:00,1927.4,2107.44
2025-04-01 10:22:00,1927.4,2130.397
2025-04-01 10:23:00,1927.4,2174.5496
2025-04-01 10:24:00,1935.7,2180.1108
2025-04-01 10:25:00,1968.2,2128.2092
2025-04-01 10:26:00,2019.4,2141.2969
2025-04-01 10:27:00,2019.4,2387.501
2025-04-01 10:28:00,2019.4,2322.7937
2025-04-01 10:29:00,1867.6,2264.517
2025-04-01 10:30:00,1943.9,1970.4542
2025-04-01 10:31:00,1943.9,2042.6207
2025-04-01 10:32:00,1757.5,2138.44
2025-04-01 10:33:00,1757.5,1966.0815
2025-04-01 10:34:00,1757.5,1933.5538
2025-04-01 10:35:00,1801.8,1888.3285
2025-04-01 10:36:00,1759.8,1864.503
2025-04-01 10:37:00,1759.8,1996.1702
2025-04-01 10:38:00,2037.0,1965.277
2025-04-01 10:39:00,2037.0,2173.0896
2025-04-01 10:40:00,1931.0,2223.8335
2025-04-01 10:41:00,1931.0,2254.6545
2025-04-01 10:42:00,1931.0,2269.036
2025-04-01 10:43:00,1931.0,2304.352
2025-04-01 10:44:00,2254.3,2218.1455
2025-04-01 10:45:00,2042.1,2244.6543
2025-04-01 10:46:00,2042.1,2254.7234
2025-04-01 10:47:00,2190.6,2166.7434
2025-04-01 10:48:00,2190.6,2336.4155
2025-04-01 10:49:00,1976.1,2288.1233
2025-04-01 10:50:00,2008.7,2233.8516
2025-04-01 10:51:00,2008.7,2162.2322
2025-04-01 10:52:00,2169.1,2243.9485
2025-04-01 10:53:00,2169.1,2343.2192
2025-04-01 10:54:00,1935.5,2334.9116
2025-04-01 10:55:00,2019.1,2163.311
2025-04-01 10:56:00,2019.1,2167.4326
2025-04-01 10:57:00,2019.1,2208.9878
2025-04-01 10:58:00,1925.1,2287.7004
2025-04-01 10:59:00,2313.0,2256.4463
2025-04-01 11:00:00,2260.6,2298.7156
2025-04-01 11:01:00,2260.6,2423.5186
2025-04-01 11:02:00,2260.6,2457.7612
2025-04-01 11:03:00,2260.6,2366.9558
2025-04-01 11:04:00,2092.8,2402.0635
2025-04-01 11:05:00,2100.7,2297.8416
2025-04-01 11:06:00,2100.7,2266.8494
2025-04-01 11:07:00,2100.7,2304.5417
2025-04-01 11:08:00,2264.6,2307.5544
2025-04-01 11:09:00,2264.6,2351.6157
2025-04-01 11:10:00,2209.5,2288.4062
2025-04-01 11:11:00,2073.8,2338.1995
2025-04-01 11:12:00,2073.8,2280.1938
2025-04-01 11:13:00,2329.6,2244.034
2025-04-01 11:14:00,2329.6,2433.2478
2025-04-01 11:15:00,2222.6,2412.8945
2025-04-01 11:16:00,2222.6,2385.5303
2025-04-01 11:17:00,2222.6,2333.2808
2025-04-01 11:18:00,2157.1,2363.7288
2025-04-01 11:19:00,2320.8,2392.054
2025-04-01 11:20:00,2290.4,2460.8328
2025-04-01 11:21:00,2290.4,2512.1785
2025-04-01 11:22:00,2290.4,2570.388
2025-04-01 11:23:00,2290.4,2567.5127
2025-04-01 11:24:00,2131.1,2531.7444
2025-04-01 11:25:00,2664.333333333333,2469.6526
2025-04-01 11:26:00,2664.333333333333,2558.0781
2025-04-01 11:27:00,2664.333333333333,2654.51
2025-04-01 11:28:00,2664.333333333333,2590.5935
2025-04-01 11:29:00,2664.333333333333,2543.1404
2025-04-01 11:30:00,2240.35,2515.7493
2025-04-01 11:31:00,2240.35,2463.396
2025-04-01 11:32:00,2240.35,2391.2634
2025-04-01 11:33:00,2240.35,2454.95
2025-04-01 11:34:00,2108.8,2506.2595
2025-04-01 11:35:00,2126.4,2459.6445
2025-04-01 11:36:00,2264.6,2378.3438
2025-04-01 11:37:00,2264.6,2464.33
2025-04-01 11:38:00,2264.6,2452.2805
2025-04-01 11:39:00,1917.3,2463.825
2025-04-01 11:40:00,1957.0,2278.1711
2025-04-01 11:41:00,1957.0,2142.9167
2025-04-01 11:42:00,1862.0,2287.3909
2025-04-01 11:43:00,1862.0,2220.276
2025-04-01 11:44:00,2032.4,2157.8113
2025-04-01 11:45:00,2013.0,2238.478
2025-04-01 11:46:00,2013.0,2229.5125
2025-04-01 11:47:00,2013.0,2156.8228
2025-04-01 11:48:00,2013.0,2210.9688
2025-04-01 11:49:00,1875.0,2227.8997
2025-04-01 11:50:00,1896.2,2219.939
2025-04-01 11:51:00,1896.2,2328.8635
2025-04-01 11:52:00,1896.2,2305.406
2025-04-01 11:53:00,1896.2,2292.3694
2025-04-01 11:54:00,2159.6,2128.3633
2025-04-01 11:55:00,2086.0,2353.535
2025-04-01 11:56:00,2086.0,2271.2136
2025-04-01 11:57:00,2189.6,2295.0398
2025-04-01 11:58:00,1947.3,2293.7512
2025-04-01 11:59:00,1947.3,2221.878
2025-04-01 12:00:00,2017.3,2097.721
2025-04-01 12:01:00,2114.8,2228.9788
2025-04-01 12:02:00,1928.4,2316.454
2025-04-01 12:03:00,1928.4,2291.6013
2025-04-01 12:04:00,1928.4,2148.4707
2025-04-01 12:05:00,2057.9,2192.617
2025-04-01 12:06:00,2112.5,2188.3862
2025-04-01 12:07:00,2112.5,2234.1448
2025-04-01 12:08:00,1890.0,2311.8071
2025-04-01 12:09:00,1890.0,2182.7507
2025-04-01 12:10:00,1922.8,2023.2605
2025-04-01 12:11:00,1922.8,2134.2837
2025-04-01 12:12:00,2155.8,2142.431
2025-04-01 12:13:00,2155.8,2284.294
2025-04-01 12:14:00,2155.8,2234.4788
2025-04-01 12:15:00,2070.5,2208.2358
2025-04-01 12:16:00,2070.5,2118.9868
2025-04-01 12:17:00,2070.5,2118.4336
2025-04-01 12:18:00,2070.5,2241.272
2025-04-01 12:19:00,1917.4,2354.6382
2025-04-01 12:20:00,1972.1,2244.43
2025-04-01 12:21:00,1972.1,2194.704
2025-04-01 12:22:00,1850.6,2288.8816
2025-04-01 12:23:00,1850.6,2238.5728
2025-04-01 12:24:00,2074.8,2114.0876
2025-04-01 12:25:00,1976.3,2225.7705
2025-04-01 12:26:00,1976.3,2167.1165
2025-04-01 12:27:00,1976.3,2040.277
2025-04-01 12:28:00,2098.3,2080.552
2025-04-01 12:29:00,1916.6,2199.9626
2025-04-01 12:30:00,1986.45,2114.9773
2025-04-01 12:31:00,1986.45,2211.7437
2025-04-01 12:32:00,1892.5,2276.786
2025-04-01 12:33:00,1892.5,2159.4592
2025-04-01 12:34:00,1892.5,2131.5596
2025-04-01 12:35:00,1979.8,2123.2783
2025-04-01 12:36:00,1999.4,2176.9138
2025-04-01 12:37:00,1999.4,2229.154
2025-04-01 12:38:00,1999.4,2150.7402
2025-04-01 12:39:00,1854.0,2066.1882
2025-04-01 12:40:00,1910.1,1902.1918
2025-04-01 12:41:00,1648.9,1953.1189
2025-04-01 12:42:00,1989.9,1913.511
2025-04-01 12:43:00,1989.9,1961.6584
2025-04-01 12:44:00,1989.9,2079.2244
2025-04-01 12:45:00,1926.6,2089.3228
2025-04-01 12:46:00,1926.6,2209.675
2025-04-01 12:47:00,1854.6,2124.811
2025-04-01 12:48:00,2000.0,2195.7246
2025-04-01 12:49:00,2000.0,2204.4216
2025-04-01 12:50:00,1903.9,2219.6804
2025-04-01 12:51:00,1903.9,2101.135
2025-04-01 12:52:00,1903.9,2210.3716
2025-04-01 12:53:00,1846.9,2270.5962
2025-04-01 12:54:00,3261.3,2304.4253
2025-04-01 12:55:00,1979.7,2672.414
2025-04-01 12:56:00,1903.4,2289.1484
2025-04-01 12:57:00,1903.4,2163.164
2025-04-01 12:58:00,1903.4,2134.64
2025-04-01 12:59:00,2104.5,2236.4238
2025-04-01 13:00:00,2049.4,2240.9011
2025-04-01 13:01:00,2049.4,2188.3896
2025-04-01 13:02:00,2049.4,2236.1047
2025-04-01 13:03:00,2071.5,2263.662
2025-04-01 13:04:00,2071.5,2204.8708
2025-04-01 13:05:00,2078.7,2188.5315
2025-04-01 13:06:00,2078.7,2210.9678
2025-04-01 13:07:00,2078.7,2301.5693
2025-04-01 13:08:00,1930.0,2249.223
2025-04-01 13:09:00,1930.0,2216.795
2025-04-01 13:10:00,2075.5,2050.7507
2025-04-01 13:11:00,2075.5,2103.9143
2025-04-01 13:12:00,2075.5,2212.5212
2025-04-01 13:13:00,1763.8,2222.8118
2025-04-01 13:14:00,1763.8,2153.719
2025-04-01 13:15:00,1857.4,2010.0963
2025-04-01 13:16:00,1857.4,2087.4878
2025-04-01 13:17:00,1914.4,2136.7063
2025-04-01 13:18:00,1914.4,2078.9058
2025-04-01 13:19:00,1766.9,2066.876
2025-04-01 13:20:00,1873.0,2023.925
2025-04-01 13:21:00,1873.0,2028.4762
2025-04-01 13:22:00,1873.0,2110.3494
2025-04-01 13:23:00,1873.0,2160.1968
2025-04-01 13:24:00,1758.0,2147.3657
2025-04-01 13:25:00,1873.65,1916.8494
2025-04-01 13:26:00,1873.65,1961.5101
2025-04-01 13:27:00,1873.65,2036.938
2025-04-01 13:28:00,1873.65,2044.1348
2025-04-01 13:29:00,1873.65,2092.8396
2025-04-01 13:30:00,1825.7,2108.371
2025-04-01 13:31:00,1825.7,2073.4578
2025-04-01 13:32:00,1825.7,2077.3276
2025-04-01 13:33:00,1786.0,1960.197
2025-04-01 13:34:00,1958.5,1985.0457
2025-04-01 13:35:00,1901.7,2103.7583
2025-04-01 13:36:00,1788.9,2042.007
2025-04-01 13:37:00,1788.9,1893.4677
2025-04-01 13:38:00,1994.6,1829.4778
2025-04-01 13:39:00,1994.6,2154.6768
2025-04-01 13:40:00,1796.9,2054.9995
2025-04-01 13:41:00,1777.1,2071.5718
2025-04-01 13:42:00,1777.1,2140.6484
2025-04-01 13:43:00,1952.1,2106.4468
2025-04-01 13:44:00,1952.1,2192.8442
2025-04-01 13:45:00,1930.55,2155.6643
2025-04-01 13:46:00,1930.55,2119.6416
2025-04-01 13:47:00,1930.55,2205.9714
2025-04-01 13:48:00,1930.55,2170.8264
2025-04-01 13:49:00,1742.4,2209.1702
2025-04-01 13:50:00,1775.5,1995.3387
2025-04-01 13:51:00,1775.5,1893.7904
2025-04-01 13:52:00,1775.5,1942.9144
2025-04-01 13:53:00,1896.5,1975.5161
2025-04-01 13:54:00,1727.1,1936.0516
2025-04-01 13:55:00,1753.3,1826.3347
2025-04-01 13:56:00,1826.55,1878.9937
2025-04-01 13:57:00,1826.55,1973.7183
2025-04-01 13:58:00,1826.55,2075.17
2025-04-01 13:59:00,1826.55,2039.9922
2025-04-01 14:00:00,1833.3,1998.1509
2025-04-01 14:01:00,1833.3,2068.2253
2025-04-01 14:02:00,1733.1,2090.5334
2025-04-01 14:03:00,1733.1,2098.1306
2025-04-01 14:04:00,1940.9,2141.0237
2025-04-01 14:05:00,1804.75,2059.4907
2025-04-01 14:06:00,1804.75,2030.7966
2025-04-01 14:07:00,1804.75,1903.8809
2025-04-01 14:08:00,1989.3,2003.5305
2025-04-01 14:09:00,1989.3,2076.5347
2025-04-01 14:10:00,1880.3,2082.852
2025-04-01 14:11:00,1880.3,2122.5623
2025-04-01 14:12:00,1837.6,2009.6447
2025-04-01 14:13:00,1837.6,1969.7028
2025-04-01 14:14:00,1990.3,2062.439
2025-04-01 14:15:00,1915.7,2139.6306
2025-04-01 14:16:00,1825.5,2077.7163
2025-04-01 14:17:00,1825.5,1969.946
2025-04-01 14:18:00,2186.1,1958.754
2025-04-01 14:19:00,2186.1,2321.6997
2025-04-01 14:20:00,2057.95,2256.2546
2025-04-01 14:21:00,3900.3,2226.6604
2025-04-01 14:22:00,3900.3,3116.8313
2025-04-01 14:23:00,3900.3,3097.9429
2025-04-01 14:24:00,3900.3,3028.5154
2025-04-01 14:25:00,2169.1,3212.652
2025-04-01 14:26:00,2169.1,2550.5593
2025-04-01 14:27:00,2089.1,2295.4602
2025-04-01 14:28:00,2089.1,2213.9014
2025-04-01 14:29:00,2240.0,2256.702
2025-04-01 14:30:00,2118.9,2324.3606
2025-04-01 14:31:00,2228.0,2316.2705
2025-04-01 14:32:00,2228.0,2230.1584
2025-04-01 14:33:00,2019.8,2322.063
2025-04-01 14:34:00,2019.8,2128.6724
2025-04-01 14:35:00,2107.3,2171.8064
2025-04-01 14:36:00,2107.3,2289.2397
2025-04-01 14:37:00,2107.3,2353.6335
2025-04-01 14:38:00,2107.3,2200.825
2025-04-01 14:39:00,1906.0,2249.0051
2025-04-01 14:40:00,1940.3,2157.5583
2025-04-01 14:41:00,1940.3,2110.858
2025-04-01 14:42:00,2162.1,2264.8828
2025-04-01 14:43:00,2162.1,2311.9807
2025-04-01 14:44:00,2162.1,2355.344
2025-04-01 14:45:00,2048.1,2331.7725
2025-04-01 14:46:00,2048.1,2276.0635
2025-04-01 14:47:00,2257.3,2235.487
2025-04-01 14:48:00,2257.3,2341.2996
2025-04-01 14:49:00,1910.0,2386.3467
2025-04-01 14:50:00,1964.4,2166.1394
2025-04-01 14:51:00,1964.4,1985.0151
2025-04-01 14:52:00,1964.4,2248.4792
2025-04-01 14:53:00,2132.1,2201.1863
2025-04-01 14:54:00,2132.1,2379.5227
2025-04-01 14:55:00,1994.25,2367.6777
2025-04-01 14:56:00,1994.25,2335.5198
2025-04-01 14:57:00,1994.25,2269.25
2025-04-01 14:58:00,2153.5,2287.8264
2025-04-01 14:59:00,2153.5,2348.706
2025-04-01 15:00:00,2005.8,2377.722
2025-04-01 15:01:00,2005.8,2185.9946
2025-04-01 15:02:00,2005.8,2240.1846
2025-04-01 15:03:00,2005.8,2260.011
2025-04-01 15:04:00,2244.5,2436.7458
2025-04-01 15:05:00,2150.8,2376.1304
2025-04-01 15:06:00,2327.1,2371.977
2025-04-01 15:07:00,2145.3,2576.3406
2025-04-01 15:08:00,2145.3,2532.992
2025-04-01 15:09:00,2145.3,2510.992
2025-04-01 15:10:00,2236.2,2348.1582
2025-04-01 15:11:00,2236.2,2381.7961
2025-04-01 15:12:00,2236.2,2460.762
2025-04-01 15:13:00,2274.6,2380.3042
2025-04-01 15:14:00,2133.8,2389.8276
2025-04-01 15:15:00,2245.9,2409.78
2025-04-01 15:16:00,2245.9,2440.3616
2025-04-01 15:17:00,2245.9,2450.499
2025-04-01 15:18:00,2022.1,2339.3071
2025-04-01 15:19:00,2022.1,2300.868
2025-04-01 15:20:00,2100.55,2428.819
2025-04-01 15:21:00,2100.55,2449.464
2025-04-01 15:22:00,2338.3,2486.539
2025-04-01 15:23:00,2338.3,2489.3965
2025-04-01 15:24:00,2338.3,2462.1577
2025-04-01 15:25:00,2140.5,2451.3196
2025-04-01 15:26:00,2140.5,2424.1504
2025-04-01 15:27:00,2308.6,2368.7417
2025-04-01 15:28:00,2308.6,2464.935
2025-04-01 15:29:00,2091.8,2430.284
2025-04-01 15:30:00,2121.75,2357.094
2025-04-01 15:31:00,2121.75,2327.7444
2025-04-01 15:32:00,2121.75,2368.87
2025-04-01 15:33:00,2339.5,2339.7095
2025-04-01 15:34:00,2339.5,2456.6064
2025-04-01 15:35:00,2192.0,2371.0222
2025-04-01 15:36:00,2192.0,2370.7717
2025-04-01 15:37:00,2318.8,2357.4543
2025-04-01 15:38:00,2103.8,2454.3628
2025-04-01 15:39:00,2103.8,2368.0776
2025-04-01 15:40:00,2141.8,2335.0806
2025-04-01 15:41:00,2141.8,2338.346
2025-04-01 15:42:00,2141.8,2417.1868
2025-04-01 15:43:00,2141.8,2452.337
2025-04-01 15:44:00,2941.4,2427.3
2025-04-01 15:45:00,2167.3,2613.1013
2025-04-01 15:46:00,2167.3,2548.447
2025-04-01 15:47:00,2025.1,2415.1748
2025-04-01 15:48:00,2025.1,2456.5479
2025-04-01 15:49:00,2238.0,2483.6868
2025-04-01 15:50:00,2220.2,2465.2068
2025-04-01 15:51:00,2220.2,2541.7388
2025-04-01 15:52:00,2040.1,2553.8452
2025-04-01 15:53:00,2040.1,2548.9502
2025-04-01 15:54:00,2266.1,2471.3923
2025-04-01 15:55:00,2078.9,2491.6013
2025-04-01 15:56:00,2078.9,2502.165
2025-04-01 15:57:00,2230.1,2458.471
2025-04-01 15:58:00,2230.1,2543.377
2025-04-01 15:59:00,2026.3,2549.2166
2025-04-01 16:00:00,2164.9,2469.087
2025-04-01 16:01:00,2164.9,2474.0723
2025-04-01 16:02:00,2164.9,2489.831
2025-04-01 16:03:00,2164.9,2449.929
2025-04-01 16:04:00,1931.6,2491.097
2025-04-01 16:05:00,1955.1,2372.4954
2025-04-01 16:06:00,2104.6,2449.2065
2025-04-01 16:07:00,2104.6,2499.1982
2025-04-01 16:08:00,1934.8,2489.2244
2025-04-01 16:09:00,1934.8,2421.0977
2025-04-01 16:10:00,2028.7,2275.807
2025-04-01 16:11:00,1942.0,2416.8406
2025-04-01 16:12:00,1942.0,2370.5254
2025-04-01 16:13:00,2079.1,2377.41
2025-04-01 16:14:00,2079.1,2379.9033
2025-04-01 16:15:00,2028.3,2354.6438
2025-04-01 16:16:00,2028.3,2334.3494
2025-04-01 16:17:00,2028.3,2432.5188
2025-04-01 16:18:00,1791.0,2479.8948
2025-04-01 16:19:00,1791.0,2444.175
2025-04-01 16:20:00,1828.0,2247.35
2025-04-01 16:21:00,2053.0,2155.007
2025-04-01 16:22:00,2053.0,2255.0168
2025-04-01 16:23:00,2053.0,2323.8704
2025-04-01 16:24:00,2053.0,2293.2754
2025-04-01 16:25:00,1944.5,2272.1174
2025-04-01 16:26:00,1944.5,2175.203
2025-04-01 16:27:00,1883.0,2272.132
2025-04-01 16:28:00,1883.0,2215.355
2025-04-01 16:29:00,3406.3,2369.1003
2025-04-01 16:30:00,2004.0,2660.3218
2025-04-01 16:31:00,1931.3,2451.242
2025-04-01 16:32:00,1931.3,2291.7112
2025-04-01 16:33:00,2093.6,2232.5881
2025-04-01 16:34:00,2093.6,2405.7268
2025-04-01 16:35:00,1979.35,2366.3142
2025-04-01 16:36:00,1979.35,2310.336
2025-04-01 16:37:00,1979.35,2357.5498
2025-04-01 16:38:00,2140.6,2350.3418
2025-04-01 16:39:00,2140.6,2368.149
2025-04-01 16:40:00,2043.95,2386.2898
2025-04-01 16:41:00,2043.95,2325.5261
2025-04-01 16:42:00,2043.95,2408.1902
2025-04-01 16:43:00,2043.95,2346.6777
2025-04-01 16:44:00,1877.8,2448.8457
2025-04-01 16:45:00,1920.5,2301.1934
2025-04-01 16:46:00,1844.6,2279.725
2025-04-01 16:47:00,1844.6,2369.1174
2025-04-01 16:48:00,2187.3,2245.7734
2025-04-01 16:49:00,2187.3,2435.6177
2025-04-01 16:50:00,2106.0,2421.8147
2025-04-01 16:51:00,2284.1,2349.8018
2025-04-01 16:52:00,2284.1,2399.2517
2025-04-01 16:53:00,2284.1,2414.2893
2025-04-01 16:54:00,2069.3,2381.846
2025-04-01 16:55:00,2093.2,2273.2524
2025-04-01 16:56:00,2093.2,2297.459
2025-04-01 16:57:00,2188.3,2233.5286
2025-04-01 16:58:00,2188.3,2375.9187
2025-04-01 16:59:00,1962.1,2425.782
2025-04-01 17:00:00,2036.8,2250.5342
2025-04-01 17:01:00,2036.8,2206.553
2025-04-01 17:02:00,2090.1,2193.5903
2025-04-01 17:03:00,2090.1,2136.056
2025-04-01 17:04:00,1948.0,2291.1118
2025-04-01 17:05:00,2001.3,2149.6926
2025-04-01 17:06:00,2099.8,2141.7483
2025-04-01 17:07:00,2099.8,2268.6375
2025-04-01 17:08:00,2099.8,2281.054
2025-04-01 17:09:00,1759.6,2296.822
2025-04-01 17:10:00,1780.3,2190.1587
2025-04-01 17:11:00,1710.4,2103.96
2025-04-01 17:12:00,1710.4,2217.9258
2025-04-01 17:13:00,1710.4,2143.4998
2025-04-01 17:14:00,3019.6,2338.6882
2025-04-01 17:15:00,1840.6,2598.526
2025-04-01 17:16:00,1870.0,2297.5576
2025-04-01 17:17:00,1870.0,2180.365
2025-04-01 17:18:00,1743.8,2056.2192
2025-04-01 17:19:00,1743.8,2080.2485
2025-04-01 17:20:00,1856.9,1975.6864
2025-04-01 17:21:00,1889.4,2093.925
2025-04-01 17:22:00,1889.4,2095.877
2025-04-01 17:23:00,1889.4,2184.2046
2025-04-01 17:24:00,1662.0,2186.0933
2025-04-01 17:25:00,1715.9,2068.0042
2025-04-01 17:26:00,1775.0,2049.6182
2025-04-01 17:27:00,1775.0,2080.0334
2025-04-01 17:28:00,1775.0,2150.1624
2025-04-01 17:29:00,1636.0,2127.0037
2025-04-01 17:30:00,1669.5500000000002,2020.6334
2025-04-01 17:31:00,1669.5500000000002,2049.2332
2025-04-01 17:32:00,1669.5500000000002,2014.8761
2025-04-01 17:33:00,1669.5500000000002,2006.7806
2025-04-01 17:34:00,1823.6,2038.8011
2025-04-01 17:35:00,1782.2,1973.727
2025-04-01 17:36:00,1701.8,1985.0479
2025-04-01 17:37:00,1701.8,1955.5627
2025-04-01 17:38:00,1815.4,1881.9232
2025-04-01 17:39:00,1815.4,1980.9724
2025-04-01 17:40:00,1768.3,1916.2356
2025-04-01 17:41:00,1858.3,1924.0645
2025-04-01 17:42:00,1858.3,1992.8099
2025-04-01 17:43:00,1858.3,2005.2346
2025-04-01 17:44:00,1666.0,2007.9904
2025-04-01 17:45:00,1701.4,1815.3976
2025-04-01 17:46:00,1652.8,1811.6602
2025-04-01 17:47:00,1652.8,1745.9442
2025-04-01 17:48:00,1967.0,1744.8228
2025-04-01 17:49:00,1967.0,2009.1743
2025-04-01 17:50:00,1819.05,2017.4718
2025-04-01 17:51:00,1819.05,1877.4355
2025-04-01 17:52:00,1819.05,1791.292
2025-04-01 17:53:00,1819.05,1869.1254
2025-04-01 17:54:00,1632.6,1973.4095
2025-04-01 17:55:00,1641.3,1954.3995
2025-04-01 17:56:00,1641.3,1966.4894
2025-04-01 17:57:00,1641.3,2067.257
2025-04-01 17:58:00,1833.4,2079.277
2025-04-01 17:59:00,1833.4,2231.3557
2025-04-01 18:00:00,1713.7,2076.4077
2025-04-01 18:01:00,1936.3,1945.832
2025-04-01 18:02:00,1936.3,2062.5403
2025-04-01 18:03:00,1936.3,2075.0151
2025-04-01 18:04:00,1936.3,2087.2625
2025-04-01 18:05:00,1804.6,2157.5952
2025-04-01 18:06:00,1850.5,2098.1663
2025-04-01 18:07:00,1850.5,2068.0854
2025-04-01 18:08:00,1491.3,2138.7861
2025-04-01 18:09:00,1491.3,1920.0002
2025-04-01 18:10:00,1550.7,1802.9847
2025-04-01 18:11:00,1550.7,1894.7113
2025-04-01 18:12:00,1550.7,1820.6858
2025-04-01 18:13:00,1586.8,1819.7003
2025-04-01 18:14:00,1485.5,1837.989
2025-04-01 18:15:00,1514.3,1811.4646
2025-04-01 18:16:00,1514.3,1590.3718
2025-04-01 18:17:00,1514.3,1696.912
2025-04-01 18:18:00,1537.85,1661.8055
2025-04-01 18:19:00,1537.85,1792.9926
2025-04-01 18:20:00,1533.1,1698.9171
2025-04-01 18:21:00,1606.6,1727.1945
2025-04-01 18:22:00,1606.6,1757.1787
2025-04-01 18:23:00,1606.6,1783.3848
2025-04-01 18:24:00,1474.0,1799.9493
2025-04-01 18:25:00,1550.6,1749.2109
2025-04-01 18:26:00,1564.5,1731.7859
2025-04-01 18:27:00,1564.5,1768.8701
2025-04-01 18:28:00,1564.5,1702.981
2025-04-01 18:29:00,1466.1,1817.3983
2025-04-01 18:30:00,1494.3,1589.0823
2025-04-01 18:31:00,1494.3,1592.4696
2025-04-01 18:32:00,1630.8,1489.6105
2025-04-01 18:33:00,1630.8,1638.5228
2025-04-01 18:34:00,1630.8,1748.7776
2025-04-01 18:35:00,1491.15,1756.4164
2025-04-01 18:36:00,1491.15,1704.9729
2025-04-01 18:37:00,1491.15,1743.7021
2025-04-01 18:38:00,1491.15,1767.8269
2025-04-01 18:39:00,1622.4,1637.8115
2025-04-01 18:40:00,1571.2,1632.6765
2025-04-01 18:41:00,1571.2,1744.3562
2025-04-01 18:42:00,1571.2,1705.8942
2025-04-01 18:43:00,1509.6,1708.4785
2025-04-01 18:44:00,1685.5,1852.0188
2025-04-01 18:45:00,1543.5,1817.3167
2025-04-01 18:46:00,1631.5,1700.6548
2025-04-01 18:47:00,1631.5,1754.6249
2025-04-01 18:48:00,1631.5,1763.3333
2025-04-01 18:49:00,1532.3,1653.6912
2025-04-01 18:50:00,1603.9,1690.3043
2025-04-01 18:51:00,1603.9,1791.2554
2025-04-01 18:52:00,1462.8,1845.177
2025-04-01 18:53:00,1462.8,1703.928
2025-04-01 18:54:00,1462.8,1486.898
2025-04-01 18:55:00,1522.1,1546.6854
2025-04-01 18:56:00,1522.1,1559.718
2025-04-01 18:57:00,1522.1,1542.155
2025-04-01 18:58:00,1522.1,1589.4996
2025-04-01 18:59:00,1522.1,1600.65
2025-04-01 19:00:00,1571.9,1575.808
2025-04-01 19:01:00,1571.9,1655.5931
2025-04-01 19:02:00,1586.5,1695.6459
2025-04-01 19:03:00,1586.5,1664.882
2025-04-01 19:04:00,1497.4,1587.59
2025-04-01 19:05:00,1565.85,1595.1953
2025-04-01 19:06:00,1565.85,1584.5569
2025-04-01 19:07:00,1565.85,1626.1443
2025-04-01 19:08:00,1565.85,1565.6765
2025-04-01 19:09:00,1474.5,1543.6815
2025-04-01 19:10:00,1491.3,1454.4835
2025-04-01 19:11:00,1491.3,1523.0045
2025-04-01 19:12:00,1479.5,1562.3998
2025-04-01 19:13:00,1582.3,1456.5712
2025-04-01 19:14:00,1582.3,1490.2041
2025-04-01 19:15:00,1531.55,1579.4663
2025-04-01 19:16:00,1531.55,1552.7107
2025-04-01 19:17:00,1531.55,1627.6941
2025-04-01 19:18:00,1531.55,1726.9049
2025-04-01 19:19:00,1447.5,1692.4595
2025-04-01 19:20:00,1511.3,1544.5063
2025-04-01 19:21:00,1511.3,1588.7227
2025-04-01 19:22:00,1452.6,1683.3655
2025-04-01 19:23:00,1746.0,1696.2169
2025-04-01 19:24:00,1746.0,1888.3914
2025-04-01 19:25:00,1577.8,1748.3992
2025-04-01 19:26:00,1530.0,1674.9681
2025-04-01 19:27:00,1659.1,1777.7177
2025-04-01 19:28:00,1659.1,1783.3384
2025-04-01 19:29:00,1659.1,1758.1125
2025-04-01 19:30:00,1578.4,1691.2192
2025-04-01 19:31:00,1679.5,1663.8801
2025-04-01 19:32:00,1679.5,1713.9552
2025-04-01 19:33:00,1679.5,1706.6719
2025-04-01 19:34:00,1543.5,1619.2738
2025-04-01 19:35:00,1593.0,1648.6244
2025-04-01 19:36:00,1593.0,1653.7726
2025-04-01 19:37:00,1593.0,1687.541
2025-04-01 19:38:00,1478.5,1693.1583
2025-04-01 19:39:00,1478.5,1641.5087
2025-04-01 19:40:00,1596.7,1594.908
2025-04-01 19:41:00,1596.7,1692.9393
2025-04-01 19:42:00,1498.5,1791.8582
2025-04-01 19:43:00,1498.5,1588.2358
2025-04-01 19:44:00,1498.5,1564.9968
2025-04-01 19:45:00,1574.05,1539.6311
2025-04-01 19:46:00,1574.05,1616.0504
2025-04-01 19:47:00,1574.05,1689.655
2025-04-01 19:48:00,1574.05,1632.5254
2025-04-01 19:49:00,1483.5,1618.2863
2025-04-01 19:50:00,1537.1,1533.5236
2025-04-01 19:51:00,1537.1,1563.3391
2025-04-01 19:52:00,1613.0,1711.3506
2025-04-01 19:53:00,1479.0,1693.8054
2025-04-01 19:54:00,1479.0,1566.172
2025-04-01 19:55:00,1504.5,1610.3452
2025-04-01 19:56:00,1504.5,1639.98
2025-04-01 19:57:00,1504.5,1616.1278
2025-04-01 19:58:00,1605.0,1637.7544
2025-04-01 19:59:00,1480.0,1728.8423
2025-04-01 20:00:00,1537.2,1510.2272
2025-04-01 20:01:00,1537.2,1557.8799
2025-04-01 20:02:00,1596.6,1666.912
2025-04-01 20:03:00,1596.6,1687.3418
2025-04-01 20:04:00,1481.6,1701.2976
2025-04-01 20:05:00,1521.65,1522.6598
2025-04-01 20:06:00,1521.65,1427.069
2025-04-01 20:07:00,3303.6,1682.2538
2025-04-01 20:08:00,3303.6,2561.9639
2025-04-01 20:09:00,3303.6,2582.3313
2025-04-01 20:10:00,1639.0,2278.897
2025-04-01 20:11:00,1572.5,1584.0876
2025-04-01 20:12:00,1694.3,1528.4995
2025-04-01 20:13:00,1694.3,1606.0034
2025-04-01 20:14:00,1694.3,1638.7982
2025-04-01 20:15:00,1651.9,1561.75
2025-04-01 20:16:00,1651.9,1639.9943
2025-04-01 20:17:00,1651.9,1690.9327
2025-04-01 20:18:00,1651.9,1642.3422
2025-04-01 20:19:00,1522.4,1693.6869
2025-04-01 20:20:00,1587.75,1567.6378
2025-04-01 20:21:00,1587.75,1598.8909
2025-04-01 20:22:00,1587.75,1728.2909
2025-04-01 20:23:00,1521.4,1717.5032
2025-04-01 20:24:00,1521.4,1702.8857
2025-04-01 20:25:00,1559.0666666666666,1539.6134
2025-04-01 20:26:00,1559.0666666666666,1574.4004
2025-04-01 20:27:00,1559.0666666666666,1540.3063
2025-04-01 20:28:00,1559.0666666666666,1510.6029
2025-04-01 20:29:00,1559.0666666666666,1646.4541
2025-04-01 20:30:00,1577.6999999999998,1603.9843
2025-04-01 20:31:00,1577.6999999999998,1616.3855
2025-04-01 20:32:00,1577.6999999999998,1558.2375
2025-04-01 20:33:00,1577.6999999999998,1523.0928
2025-04-01 20:34:00,1505.0,1523.9633
2025-04-01 20:35:00,1560.8,1451.3701
2025-04-01 20:36:00,1560.8,1636.096
2025-04-01 20:37:00,1560.8,1612.5251
2025-04-01 20:38:00,1560.8,1534.1953
2025-04-01 20:39:00,1499.5,1595.524
2025-04-01 20:40:00,1526.4,1680.5724
2025-04-01 20:41:00,1526.4,1644.1514
2025-04-01 20:42:00,1526.4,1687.7472
2025-04-01 20:43:00,1526.4,1704.9883
2025-04-01 20:44:00,1542.5,1746.4752
2025-04-01 20:45:00,1518.3,1673.027
2025-04-01 20:46:00,1518.3,1554.8096
2025-04-01 20:47:00,1518.3,1609.2179
2025-04-01 20:48:00,1518.3,1678.3778
2025-04-01 20:49:00,1549.2,1674.7395
2025-04-01 20:50:00,1499.1,1716.1204
2025-04-01 20:51:00,1484.1,1702.0306
2025-04-01 20:52:00,1484.1,1858.3729
2025-04-01 20:53:00,1484.1,1783.0771
2025-04-01 20:54:00,1673.4,1770.4747
2025-04-01 20:55:00,1617.8000000000002,1752.2927
2025-04-01 20:56:00,1617.8000000000002,1687.3577
2025-04-01 20:57:00,1551.5,1710.4598
2025-04-01 20:58:00,1551.5,1648.9579
2025-04-01 20:59:00,1551.5,1658.0273
2025-04-01 21:00:00,1569.6,1612.3839
2025-04-01 21:01:00,1569.6,1597.9849
2025-04-01 21:02:00,1655.6,1538.8684
2025-04-01 21:03:00,1655.6,1606.5249
2025-04-01 21:04:00,1491.5,1631.033
2025-04-01 21:05:00,1546.2,1569.9366
2025-04-01 21:06:00,1546.2,1539.5574
2025-04-01 21:07:00,1546.2,1657.7823
2025-04-01 21:08:00,1546.2,1676.6963
2025-04-01 21:09:00,1528.4,1621.4747
2025-04-01 21:10:00,1490.15,1514.4431
2025-04-01 21:11:00,1490.15,1522.0629
2025-04-01 21:12:00,1490.15,1466.6014
2025-04-01 21:13:00,1603.6,1573.195
2025-04-01 21:14:00,1603.6,1562.7657
2025-04-01 21:15:00,1543.7,1477.4359
2025-04-01 21:16:00,1543.7,1509.1439
2025-04-01 21:17:00,1543.7,1521.8787
2025-04-01 21:18:00,1543.7,1492.1672
2025-04-01 21:19:00,1517.3,1557.7764
2025-04-01 21:20:00,1489.5,1508.3241
2025-04-01 21:21:00,1620.3,1531.5345
2025-04-01 21:22:00,1620.3,1608.2378
2025-04-01 21:23:00,1620.3,1622.4534
2025-04-01 21:24:00,1620.3,1754.2687
2025-04-01 21:25:00,1480.6,1672.0336
2025-04-01 21:26:00,1595.6,1475.1368
2025-04-01 21:27:00,1595.6,1578.4448
2025-04-01 21:28:00,1595.6,1623.6007
2025-04-01 21:29:00,1403.6,1615.7618
2025-04-01 21:30:00,1421.75,1445.5417
2025-04-01 21:31:00,1421.75,1484.1826
2025-04-01 21:32:00,1514.8,1516.1859
2025-04-01 21:33:00,1514.8,1556.3279
2025-04-01 21:34:00,1514.8,1708.8766
2025-04-01 21:35:00,1431.6,1581.3682
2025-04-01 21:36:00,1431.6,1510.5642
2025-04-01 21:37:00,1574.8,1668.158
2025-04-01 21:38:00,1574.8,1679.9355
2025-04-01 21:39:00,1418.0,1666.169
2025-04-01 21:40:00,1595.15,1610.5612
2025-04-01 21:41:00,1595.15,1646.5026
2025-04-01 21:42:00,1595.15,1592.6722
2025-04-01 21:43:00,1595.15,1567.1183
2025-04-01 21:44:00,1408.5,1610.0411
2025-04-01 21:45:00,1451.9,1509.9764
2025-04-01 21:46:00,1451.9,1433.0895
2025-04-01 21:47:00,1451.9,1496.945
2025-04-01 21:48:00,1339.5,1678.5126
2025-04-01 21:49:00,1339.5,1645.9398
2025-04-01 21:50:00,1339.6,1580.2618
2025-04-01 21:51:00,1339.6,1571.4368
2025-04-01 21:52:00,1441.6,1535.4965
2025-04-01 21:53:00,1441.6,1549.8568
2025-04-01 21:54:00,1338.6,1559.1125
2025-04-01 21:55:00,1372.2,1314.2577
2025-04-01 21:56:00,1372.2,1338.857
2025-04-01 21:57:00,1431.8,1506.0033
2025-04-01 21:58:00,1431.8,1445.5288
2025-04-01 21:59:00,701.7,1416.3522
2025-04-01 22:00:00,712.3,1251.4337
2025-04-01 22:01:00,702.5,1252.9506
2025-04-01 22:02:00,783.2,1159.0093
2025-04-01 22:03:00,783.2,1125.179
2025-04-01 22:04:00,783.2,1083.2083
2025-04-01 22:05:00,718.0,990.3577
2025-04-01 22:06:00,699.7,1014.4345
2025-04-01 22:07:00,767.5,945.37286
2025-04-01 22:08:00,767.5,1069.4941
2025-04-01 22:09:00,767.5,1063.0
2025-04-01 22:10:00,742.2,1007.5007
2025-04-01 22:11:00,742.2,1027.4303
2025-04-01 22:12:00,702.9,1217.355
2025-04-01 22:13:00,702.9,1080.053
2025-04-01 22:14:00,769.2,1189.1693
2025-04-01 22:15:00,707.3,1175.806
2025-04-01 22:16:00,778.9,1041.4285
2025-04-01 22:17:00,778.9,1049.1884
2025-04-01 22:18:00,778.9,1100.3016
2025-04-01 22:19:00,778.9,914.9395
2025-04-01 22:20:00,1206.4333333333334,909.76874
2025-04-01 22:21:00,1206.4333333333334,1233.6718
2025-04-01 22:22:00,1206.4333333333334,1370.9161
2025-04-01 22:23:00,1206.4333333333334,1131.0792
2025-04-01 22:24:00,1206.4333333333334,1046.9177
2025-04-01 22:25:00,778.0,942.1175
2025-04-01 22:26:00,778.0,1060.4515
2025-04-01 22:27:00,778.0,1118.797
2025-04-01 22:28:00,770.7,1120.3987
2025-04-01 22:29:00,835.2,949.1707
2025-04-01 22:30:00,817.5999999999999,1064.87
2025-04-01 22:31:00,817.5999999999999,997.06354
2025-04-01 22:32:00,699.5,1030.3492
2025-04-01 22:33:00,699.5,968.94037
2025-04-01 22:34:00,699.5,970.77155
2025-04-01 22:35:00,749.6,850.94366
2025-04-01 22:36:00,749.6,872.3991
2025-04-01 22:37:00,749.6,942.44244
2025-04-01 22:38:00,749.6,1087.4537
2025-04-01 22:39:00,701.9,897.2441
2025-04-01 22:40:00,732.6,750.49286
2025-04-01 22:41:00,732.6,882.2902
2025-04-01 22:42:00,767.5,948.1242
2025-04-01 22:43:00,698.7,904.53156
2025-04-01 22:44:00,698.7,917.9837
2025-04-01 22:45:00,732.95,745.57745
2025-04-01 22:46:00,732.95,820.5535
2025-04-01 22:47:00,732.95,935.73846
2025-04-01 22:48:00,732.95,798.21234
2025-04-01 22:49:00,732.95,899.377
2025-04-01 22:50:00,738.95,817.8648
2025-04-01 22:51:00,738.95,830.43353
2025-04-01 22:52:00,738.95,894.2308
2025-04-01 22:53:00,738.95,880.8592
2025-04-01 22:54:00,700.5,896.43243
2025-04-01 22:55:00,704.4,838.0965
2025-04-01 22:56:00,704.4,853.0472
2025-04-01 22:57:00,704.4,842.4151
2025-04-01 22:58:00,704.4,932.77277
2025-04-01 22:59:00,770.7,919.6091
2025-04-01 23:00:00,708.1,852.6895
2025-04-01 23:01:00,701.7,768.5184
2025-04-01 23:02:00,701.7,941.992
2025-04-01 23:03:00,701.7,862.7332
2025-04-01 23:04:00,2487.1,769.16547
2025-04-01 23:05:00,788.6,1763.4419
2025-04-01 23:06:00,788.6,1029.1534
2025-04-01 23:07:00,847.2,801.29425
2025-04-01 23:08:00,768.7,811.0898
2025-04-01 23:09:00,768.7,930.8227
2025-04-01 23:10:00,771.0,910.5201
2025-04-01 23:11:00,771.0,891.1352
2025-04-01 23:12:00,771.0,772.38556
2025-04-01 23:13:00,846.4,925.4809
2025-04-01 23:14:00,846.4,882.1976
2025-04-01 23:15:00,774.3,772.9506
2025-04-01 23:16:00,827.0,708.44086
2025-04-01 23:17:00,827.0,763.7995
2025-04-01 23:18:00,827.0,882.9068
2025-04-01 23:19:00,698.0,924.9212
2025-04-01 23:20:00,754.8,715.5052
2025-04-01 23:21:00,754.8,843.65216
2025-04-01 23:22:00,754.8,985.59686
2025-04-01 23:23:00,754.8,859.17914
2025-04-01 23:24:00,698.5,737.22845
2025-04-01 23:25:00,701.2,834.66974
2025-04-01 23:26:00,731.3,883.0987
2025-04-01 23:27:00,731.3,819.0153
2025-04-01 23:28:00,731.3,886.1639
2025-04-01 23:29:00,731.3,837.75104
2025-04-01 23:30:00,721.3,729.4987
2025-04-01 23:31:00,721.3,756.3909
2025-04-01 23:32:00,721.3,813.8453
2025-04-01 23:33:00,774.4,796.258
2025-04-01 23:34:00,774.4,848.6833
2025-04-01 23:35:00,726.3,801.4556
2025-04-01 23:36:00,700.7,743.674
2025-04-01 23:37:00,700.7,693.93085
2025-04-01 23:38:00,766.4,807.10443
2025-04-01 23:39:00,766.4,857.49896
2025-04-01 23:40:00,718.2,774.8464
2025-04-01 23:41:00,768.0,710.8464
2025-04-01 23:42:00,701.7,806.81476
2025-04-01 23:43:00,701.7,781.8173
2025-04-01 23:44:00,701.7,923.15814
2025-04-01 23:45:00,707.5,748.33417
2025-04-01 23:46:00,707.5,622.43646
2025-04-01 23:47:00,707.5,709.9421
2025-04-01 23:48:00,700.2,761.7629
2025-04-01 23:49:00,833.0,871.6984
2025-04-01 23:50:00,816.2,829.6768
2025-04-01 23:51:00,844.2,877.634
2025-04-01 23:52:00,844.2,933.17413
2025-04-01 23:53:00,767.4,814.7459
2025-04-01 23:54:00,767.4,831.1966
2025-04-01 23:55:00,792.2,735.2077
2025-04-01 23:56:00,792.2,686.61554
2025-04-01 23:57:00,792.2,646.4373
2025-04-01 23:58:00,803.05,680.21454
2025-04-01 23:59:00,803.05,797.40106
